"","day","temp","dewp","num_collisions"
"1",7,62,52.1,-0.952911337125037
"2",2,41.4,21.3,1.04122994885858
"3",6,49,38,-0.0883186117335397
