"","day","temp","dewp","num_collisions"
"1",1,42.1,32.2,0.436324553579688
"2",3,45.2,27,0.707697141781689
"3",7,48.6,42.6,-1.14402169536137
