"","day","temp","dewp","num_collisions"
"1",3,35.7,25.5,-1.03204764277701
"2",5,54.2,36.7,0.964530507268231
"3",2,47.1,29,0.0675171355087761
