"","day","temp","dewp","num_collisions"
"1",5,38.7,22.1,-1.14840579643623
"2",7,30.5,11.1,0.469928764159135
"3",4,51.6,36.6,0.678477032277095
