"","day","temp","dewp","num_collisions"
"1",5,24.8,6.5,-1.15439478230384
"2",7,34,30.2,0.55418619947809
"3",4,35.9,18.7,0.600208582825751
