"","day","temp","dewp","num_collisions"
"1",4,36.8,21.3,-1.11627906976744
"2",6,35.7,28,0.302325581395349
"3",3,50,40.9,0.813953488372093
