"","day","temp","dewp","num_collisions"
"1",6,53.2,41.7,-0.98841816887687
"2",1,42.8,26.9,-0.022774612186103
"3",5,42.9,30.4,1.01119278106297
